Customer ID,Gender,Region,Age,Product Name,Category,Unit Price,Quantity,Total Price,Shipping Fee
CUST0268,Male,North,,Monitor,Electronics,300.0,5,1500,13.31
CUST0046,Male,West,22.0,Headphones,Accessories,100.0,2,200,6.93
CUST0169,Female,South,54.0,Monitor,Electronics,300.0,1,300,11.31
CUST0002,Male,North,23.0,Headphones,Accessories,100.0,5,500,12.22
CUST0173,Female,South,,Laptop,Electronics,1500.0,3,4500,5.4
CUST0147,Male,North,64.0,Smartwatch,Wearables,200.0,2,400,11.26
CUST0262,Male,East,27.0,Smartwatch,Wearables,200.0,1,200,18.38
CUST0159,Female,South,18.0,Keyboard,Accessories,50.0,2,100,15.08
CUST0046,Female,East,22.0,Mouse,Accessories,30.0,1,30,8.22
CUST0023,Male,West,29.0,Headphones,Accessories,100.0,3,300,10.7
CUST0201,Female,East,49.0,Headphones,Accessories,100.0,2,200,9.8
CUST0283,Female,West,67.0,Mouse,Accessories,30.0,3,90,5.65
CUST0199,Female,West,41.0,Keyboard,Accessories,50.0,5,250,7.13
CUST0039,Male,South,60.0,Keyboard,Accessories,50.0,4,200,10.91
CUST0276,Male,West,66.0,Mouse,Accessories,30.0,1,30,11.36
CUST0143,Female,,36.0,Smartwatch,Wearables,200.0,3,600,7.89
CUST0139,Male,North,57.0,Laptop,Electronics,1500.0,4,6000,10.92
CUST0210,Male,South,30.0,Smartphone,Electronics,800.0,2,1600,11.44
CUST0293,Female,East,32.0,Smartwatch,Wearables,200.0,5,1000,7.16
CUST0049,Female,West,59.0,Monitor,Electronics,300.0,4,1200,17.37
CUST0283,Female,East,67.0,Smartphone,Electronics,800.0,5,4000,12.17
CUST0196,Female,South,37.0,Mouse,Accessories,30.0,3,90,19.41
CUST0050,Male,North,,Mouse,Accessories,30.0,3,90,6.97
CUST0007,Female,East,52.0,Headphones,Accessories,100.0,2,200,12.0
CUST0242,Male,North,58.0,Smartphone,Electronics,800.0,4,3200,18.11
CUST0042,Female,South,57.0,Keyboard,Accessories,50.0,1,50,9.6
CUST0264,Male,East,59.0,Smartphone,Electronics,1658.4323266595475,2,1600,11.59
CUST0053,Female,North,25.0,Smartwatch,Wearables,200.0,1,200,14.9
CUST0154,Female,East,31.0,Smartphone,Electronics,800.0,1,800,19.22
CUST0190,Male,North,28.0,Keyboard,Accessories,50.0,4,200,15.31
CUST0038,Female,East,57.0,Monitor,Electronics,300.0,2,600,12.38
CUST0288,Female,South,,Laptop,Electronics,1500.0,4,6000,12.91
CUST0124,Female,South,53.0,Monitor,Electronics,300.0,2,600,18.38
CUST0298,Female,South,58.0,Headphones,Accessories,100.0,5,500,7.41
CUST0211,Female,South,35.0,Mouse,Accessories,30.0,3,90,11.42
CUST0060,Male,North,41.0,Laptop,Electronics,1500.0,4,6000,7.13
CUST0284,Female,West,64.0,Monitor,Electronics,300.0,1,300,6.55
CUST0282,Male,North,,Smartphone,Electronics,800.0,2,1600,9.72
CUST0205,Female,South,43.0,Monitor,Electronics,300.0,2,600,18.27
CUST0222,Female,,61.0,Smartphone,Electronics,800.0,2,1600,6.01
CUST0299,Male,East,58.0,Keyboard,Accessories,50.0,2,100,9.57
CUST0064,Male,West,61.0,Monitor,Electronics,300.0,1,300,13.82
CUST0073,Male,East,19.0,Keyboard,Accessories,50.0,4,200,5.32
CUST0154,Male,North,31.0,Keyboard,Accessories,50.0,3,150,7.46
CUST0081,Male,North,38.0,Monitor,Electronics,300.0,1,300,17.22
CUST0247,Male,East,44.0,Headphones,Accessories,100.0,2,200,8.15
CUST0130,Male,East,68.0,Monitor,Electronics,300.0,2,600,9.56
CUST0178,Male,West,44.0,Smartwatch,Wearables,200.0,3,600,18.09
CUST0131,Female,West,67.0,Laptop,Electronics,1500.0,4,6000,7.01
CUST0070,Male,West,23.0,Monitor,Electronics,300.0,3,900,12.58
CUST0122,Male,West,68.0,Headphones,Accessories,100.0,2,200,13.49
CUST0168,Female,East,42.0,Monitor,Electronics,300.0,4,1200,18.15
CUST0176,Male,South,51.0,Laptop,Electronics,1500.0,2,3000,7.43
CUST0064,Female,West,61.0,Laptop,Electronics,1500.0,2,3000,5.42
CUST0125,Female,South,46.0,Smartphone,Electronics,800.0,5,4000,10.62
CUST0165,Female,West,49.0,Keyboard,Accessories,50.0,4,200,19.72
CUST0057,Male,North,62.0,Keyboard,Accessories,50.0,4,200,12.79
CUST0207,Male,South,54.0,Laptop,Electronics,1500.0,1,1500,5.16
CUST0167,Female,North,67.0,Headphones,Accessories,100.0,2,200,11.65
CUST0006,Male,South,52.0,Laptop,Electronics,1500.0,5,7500,19.69
CUST0041,Male,East,64.0,Smartphone,Electronics,800.0,4,3200,17.27
CUST0112,Male,North,33.0,Monitor,Electronics,300.0,4,1200,14.88
CUST0244,Female,West,24.0,Headphones,Accessories,100.0,3,300,8.49
CUST0218,Male,East,36.0,Headphones,Accessories,100.0,2,200,7.71
CUST0073,Male,North,19.0,Monitor,Electronics,300.0,5,1500,13.7
CUST0083,Male,East,28.0,Monitor,Electronics,300.0,1,300,17.98
CUST0065,Female,East,,Headphones,Accessories,100.0,2,200,13.06
CUST0096,Female,,61.0,Smartphone,Electronics,800.0,4,3200,11.79
CUST0060,Male,South,41.0,Keyboard,Accessories,50.0,4,200,19.12
CUST0045,Male,East,21.0,Mouse,Accessories,30.0,1,30,6.17
CUST0296,Female,North,50.0,Keyboard,Accessories,50.0,2,100,13.82
CUST0261,Male,West,48.0,Laptop,Electronics,1500.0,5,7500,15.95
CUST0077,Male,South,50.0,Keyboard,Accessories,50.0,5,250,10.89
CUST0227,Female,West,54.0,Keyboard,Accessories,50.0,4,200,9.22
CUST0284,Female,North,64.0,Keyboard,Accessories,50.0,3,150,17.76
CUST0245,Male,North,63.0,Mouse,Accessories,30.0,1,30,13.28
CUST0133,Female,North,47.0,Smartphone,Electronics,800.0,1,800,11.29
CUST0179,Male,North,45.0,Keyboard,Accessories,50.0,2,100,19.04
CUST0022,Female,North,33.0,Smartwatch,Wearables,200.0,2,400,10.07
CUST0269,Female,East,64.0,Laptop,Electronics,1500.0,5,7500,6.53
CUST0181,Male,East,59.0,Smartwatch,Wearables,200.0,3,600,9.82
CUST0170,Female,South,40.0,Mouse,Accessories,30.0,5,150,8.64
CUST0182,Male,West,,Monitor,Electronics,300.0,5,1500,7.77
CUST0219,Male,,48.0,Mouse,Accessories,62.191212249733034,2,60,7.4
CUST0037,Male,West,51.0,Keyboard,Accessories,103.65202041622172,4,200,11.41
CUST0006,Female,West,52.0,Monitor,Electronics,300.0,3,900,5.66
CUST0125,Female,West,46.0,Mouse,Accessories,30.0,4,120,5.71
CUST0006,Male,North,52.0,Smartwatch,Wearables,200.0,1,200,13.68
CUST0091,Female,South,30.0,Mouse,Accessories,30.0,1,30,18.29
CUST0064,Male,North,61.0,Smartphone,Electronics,800.0,5,4000,6.31
CUST0286,Female,North,63.0,Laptop,Electronics,1500.0,1,1500,13.15
CUST0288,Male,West,55.0,Headphones,Accessories,100.0,2,200,16.23
CUST0019,Female,East,69.0,Keyboard,Accessories,50.0,1,50,14.53
CUST0236,Male,East,18.0,Keyboard,Accessories,50.0,2,100,11.25
CUST0159,Male,West,18.0,Keyboard,Accessories,50.0,5,250,11.11
CUST0251,Male,North,42.0,Mouse,Accessories,30.0,2,60,18.98
CUST0159,Male,North,18.0,Headphones,Accessories,100.0,1,100,18.47
CUST0064,Male,West,61.0,Monitor,Electronics,300.0,4,1200,18.5
CUST0099,Female,South,26.0,Laptop,Electronics,1500.0,4,6000,15.74
CUST0228,Male,North,25.0,Smartphone,Electronics,800.0,4,3200,18.2
CUST0024,Female,East,57.0,Smartwatch,Wearables,200.0,2,400,17.94
CUST0113,Male,South,38.0,Smartphone,Electronics,800.0,2,1600,16.51
CUST0192,Female,North,58.0,Smartwatch,Wearables,200.0,4,800,9.97
CUST0153,Female,East,40.0,Monitor,Electronics,300.0,1,300,6.85
CUST0057,Female,East,62.0,Keyboard,Accessories,50.0,5,250,14.04
CUST0192,Male,,58.0,Keyboard,Accessories,50.0,3,150,6.37
CUST0150,Female,North,63.0,Laptop,Electronics,1500.0,3,4500,18.66
CUST0203,Male,South,33.0,Mouse,Accessories,30.0,1,30,7.78
CUST0163,Female,North,22.0,Headphones,Accessories,100.0,3,300,6.16
CUST0203,Female,East,33.0,Laptop,Electronics,1500.0,3,4500,6.92
CUST0223,Female,,20.0,Mouse,Accessories,62.191212249733034,2,60,15.12
CUST0266,Male,North,,Mouse,Accessories,30.0,5,150,16.86
CUST0227,Male,West,54.0,Smartphone,Electronics,800.0,3,2400,18.76
CUST0289,Male,West,37.0,Laptop,Electronics,1500.0,5,7500,6.68
CUST0046,Female,South,22.0,Laptop,Electronics,1500.0,3,4500,11.69
CUST0173,Male,,65.0,Headphones,Accessories,100.0,1,100,19.28
CUST0008,Female,North,,Headphones,Accessories,100.0,5,500,16.04
CUST0015,Male,West,58.0,Headphones,Accessories,100.0,3,300,6.08
CUST0002,Male,East,23.0,Smartphone,Electronics,800.0,1,800,12.64
CUST0189,Female,South,38.0,Mouse,Accessories,30.0,1,30,10.92
CUST0137,Male,North,19.0,Smartphone,Electronics,800.0,3,2400,16.82
CUST0139,Male,South,,Smartwatch,Wearables,200.0,2,400,9.18
CUST0033,Female,South,,Monitor,Electronics,300.0,2,600,15.3
CUST0297,Male,North,61.0,Monitor,Electronics,300.0,2,600,13.84
CUST0008,Female,North,18.0,Keyboard,Accessories,50.0,3,150,13.86
CUST0267,Male,North,29.0,Laptop,Electronics,1500.0,3,4500,14.23
CUST0028,Male,,50.0,Smartwatch,Wearables,200.0,5,1000,6.09
CUST0078,Female,North,38.0,Laptop,Electronics,1500.0,3,4500,19.98
CUST0003,Male,North,63.0,Smartphone,Electronics,800.0,5,4000,11.1
CUST0049,Female,North,59.0,Laptop,Electronics,1500.0,1,1500,12.63
CUST0212,Female,North,,Laptop,Electronics,1500.0,5,7500,10.18
CUST0146,Male,North,47.0,Smartphone,Electronics,800.0,1,800,10.16
CUST0082,Female,,,Smartwatch,Wearables,200.0,1,200,6.03
CUST0036,Female,North,33.0,Keyboard,Accessories,50.0,1,50,6.06
CUST0155,Female,North,41.0,Laptop,Electronics,1500.0,2,3000,9.21
CUST0138,Male,North,46.0,Keyboard,Accessories,50.0,3,150,5.09
CUST0201,Female,North,49.0,Mouse,Accessories,30.0,2,60,8.39
CUST0197,Female,West,54.0,Mouse,Accessories,30.0,2,60,8.59
CUST0082,Male,West,30.0,Laptop,Electronics,1500.0,1,1500,9.98
CUST0091,Male,East,30.0,Laptop,Electronics,1500.0,5,7500,7.58
CUST0066,Male,West,37.0,Laptop,Electronics,1500.0,2,3000,5.69
CUST0026,Female,East,27.0,Monitor,Electronics,300.0,1,300,16.61
CUST0078,Female,West,38.0,Smartwatch,Wearables,200.0,4,800,18.89
CUST0281,Male,West,44.0,Keyboard,Accessories,50.0,4,200,19.81
CUST0299,Male,West,58.0,Headphones,Accessories,100.0,5,500,14.5
CUST0053,Female,East,25.0,Smartwatch,Wearables,200.0,5,1000,16.41
CUST0239,Male,North,35.0,Smartwatch,Wearables,200.0,1,200,7.32
CUST0069,Male,East,,Headphones,Accessories,100.0,3,300,10.81
CUST0245,Male,West,63.0,Mouse,Accessories,30.0,3,90,13.95
CUST0258,Female,South,39.0,Monitor,Electronics,300.0,4,1200,9.55
CUST0177,Male,South,29.0,Smartwatch,Wearables,200.0,3,600,13.87
CUST0140,Male,East,,Headphones,Accessories,100.0,2,200,10.96
CUST0089,Female,North,27.0,Mouse,Accessories,30.0,3,90,6.45
CUST0168,Female,West,42.0,Smartphone,Electronics,800.0,2,1600,13.79
CUST0176,Male,East,51.0,Laptop,Electronics,1500.0,3,4500,16.42
CUST0089,Female,South,27.0,Monitor,Electronics,300.0,3,900,7.99
CUST0281,Female,West,44.0,Keyboard,Accessories,50.0,2,100,6.45
CUST0044,Male,East,30.0,Mouse,Accessories,30.0,5,150,16.62
CUST0137,Female,South,,Monitor,Electronics,300.0,5,1500,6.0
CUST0174,Female,East,68.0,Laptop,Electronics,1500.0,1,1500,16.34
CUST0141,Female,East,58.0,Mouse,Accessories,30.0,1,30,12.22
CUST0202,Male,South,56.0,Mouse,Accessories,30.0,3,90,5.07
CUST0259,Male,West,59.0,Laptop,Electronics,1500.0,2,3000,7.5
CUST0045,Female,East,21.0,Smartphone,Electronics,800.0,3,2400,15.78
CUST0168,Female,West,42.0,Keyboard,Accessories,50.0,1,50,15.92
CUST0027,Female,,36.0,Keyboard,Accessories,50.0,5,250,11.09
CUST0228,Male,South,25.0,Mouse,Accessories,30.0,4,120,18.6
CUST0199,Female,South,41.0,Smartphone,Electronics,800.0,4,3200,16.45
CUST0065,Male,North,41.0,Headphones,Accessories,100.0,5,500,19.62
CUST0146,Female,East,47.0,Laptop,Electronics,1500.0,3,4500,8.87
CUST0093,Male,North,66.0,Monitor,Electronics,300.0,1,300,16.58
CUST0168,Female,South,42.0,Monitor,Electronics,300.0,1,300,14.7
CUST0216,Male,South,53.0,Smartphone,Electronics,800.0,2,1600,16.23
CUST0062,Male,West,43.0,Headphones,Accessories,100.0,4,400,11.4
CUST0125,Male,West,46.0,Smartphone,Electronics,800.0,5,4000,19.08
CUST0060,Male,,41.0,Keyboard,Accessories,50.0,1,50,5.56
CUST0056,Female,South,23.0,Smartwatch,Wearables,200.0,2,400,5.73
CUST0247,Male,South,44.0,Smartphone,Electronics,800.0,1,800,7.11
CUST0131,Female,East,67.0,Monitor,Electronics,300.0,1,300,15.92
CUST0114,Female,West,60.0,Monitor,Electronics,300.0,3,900,18.61
CUST0082,Female,,,Smartphone,Electronics,800.0,4,3200,13.77
CUST0184,Female,West,54.0,Mouse,Accessories,30.0,3,90,14.78
CUST0075,Female,South,56.0,Monitor,Electronics,300.0,2,600,13.6
CUST0142,Male,East,32.0,Monitor,Electronics,300.0,1,300,15.5
CUST0076,Male,East,26.0,Headphones,Accessories,100.0,5,500,16.96
CUST0105,Male,East,27.0,Smartwatch,Wearables,200.0,5,1000,12.0
CUST0004,Female,West,65.0,Keyboard,Accessories,50.0,3,150,19.62
CUST0127,Male,North,62.0,Smartwatch,Wearables,200.0,2,400,11.66
CUST0072,Male,South,21.0,Headphones,Accessories,100.0,1,100,11.24
CUST0216,Male,North,53.0,Smartphone,Electronics,800.0,4,3200,6.27
CUST0156,Female,South,57.0,Smartphone,Electronics,800.0,4,3200,16.09
CUST0052,Male,North,66.0,Mouse,Accessories,30.0,4,120,8.24
CUST0226,Female,West,,Smartphone,Electronics,800.0,4,3200,17.91
CUST0270,Female,West,64.0,Laptop,Electronics,1500.0,1,1500,18.88
CUST0269,Male,North,64.0,Monitor,Electronics,621.9121224973303,5,1500,6.93
CUST0183,Female,West,42.0,Smartphone,Electronics,800.0,3,2400,7.22
CUST0205,Male,South,43.0,Keyboard,Accessories,50.0,2,100,5.05
CUST0080,Female,East,51.0,Headphones,Accessories,100.0,1,100,19.84
CUST0208,Female,West,57.0,Laptop,Electronics,1500.0,1,1500,16.28
CUST0186,Female,West,55.0,Mouse,Accessories,30.0,5,150,17.36
CUST0109,Female,,57.0,Mouse,Accessories,30.0,1,30,9.59
CUST0028,Female,East,50.0,Headphones,Accessories,100.0,5,500,16.11
CUST0083,Male,West,28.0,Keyboard,Accessories,50.0,2,100,9.48
CUST0027,Female,South,36.0,Monitor,Electronics,300.0,2,600,18.44
CUST0203,Female,South,33.0,Keyboard,Accessories,50.0,5,250,8.43
CUST0095,Female,East,,Laptop,Electronics,1500.0,5,7500,7.38
CUST0204,Male,North,54.0,Smartphone,Electronics,800.0,2,1600,6.45
CUST0165,Male,West,49.0,Keyboard,Accessories,50.0,1,50,8.97
CUST0269,Male,North,64.0,Headphones,Accessories,100.0,3,300,11.64
CUST0134,Male,North,,Monitor,Electronics,621.9121224973303,5,1500,7.22
CUST0116,Female,East,,Headphones,Accessories,100.0,2,200,15.13
CUST0137,Female,West,19.0,Smartphone,Electronics,800.0,3,2400,11.21
CUST0100,Male,West,29.0,Keyboard,Accessories,50.0,2,100,5.18
CUST0282,Male,North,68.0,Smartwatch,Wearables,200.0,3,600,7.93
CUST0094,Male,North,30.0,Laptop,Electronics,1500.0,1,1500,14.53
CUST0194,Female,West,61.0,Mouse,Accessories,62.191212249733034,1,30,10.41
CUST0174,Female,North,,Smartphone,Electronics,800.0,4,3200,9.45
CUST0273,Female,South,,Laptop,Electronics,1500.0,2,3000,9.01
CUST0188,Male,North,29.0,Smartphone,Electronics,800.0,5,4000,6.06
CUST0109,Male,West,57.0,Keyboard,Accessories,50.0,3,150,11.12
CUST0081,Male,West,38.0,Smartwatch,Wearables,200.0,3,600,19.89
CUST0298,Male,North,58.0,Smartphone,Electronics,800.0,4,3200,18.55
CUST0189,Female,East,38.0,Monitor,Electronics,300.0,1,300,11.89
CUST0092,Female,East,32.0,Smartphone,Electronics,800.0,3,2400,14.12
CUST0254,Female,West,,Mouse,Accessories,30.0,2,60,7.56
CUST0150,Male,South,63.0,Headphones,Accessories,100.0,4,400,11.39
CUST0264,Female,West,59.0,Keyboard,Accessories,103.65202041622172,4,200,10.49
CUST0105,Male,West,27.0,Headphones,Accessories,100.0,3,300,17.92
CUST0253,Female,West,51.0,Laptop,Electronics,1500.0,1,1500,12.36
CUST0188,Male,West,29.0,Monitor,Electronics,300.0,4,1200,8.15
CUST0052,Male,East,66.0,Monitor,Electronics,300.0,2,600,19.1
CUST0204,Male,East,54.0,Smartwatch,Wearables,200.0,5,1000,10.03
CUST0180,Male,East,68.0,Monitor,Electronics,300.0,3,900,5.0
CUST0189,Female,West,,Laptop,Electronics,1500.0,3,4500,9.92
CUST0023,Female,South,29.0,Monitor,Electronics,300.0,3,900,18.32
CUST0263,Female,West,40.0,Smartwatch,Wearables,200.0,1,200,8.82
CUST0195,Male,West,48.0,Keyboard,Accessories,50.0,3,150,16.84
CUST0272,Female,West,52.0,Laptop,Electronics,1500.0,5,7500,9.45
CUST0256,Male,East,69.0,Monitor,Electronics,300.0,4,1200,8.25
CUST0131,Male,North,67.0,Smartphone,Electronics,800.0,4,3200,14.61
CUST0279,Female,North,59.0,Mouse,Accessories,30.0,1,30,6.08
CUST0250,Female,West,64.0,Smartwatch,Wearables,200.0,2,400,15.94
CUST0012,Male,East,,Mouse,Accessories,30.0,3,90,16.49
CUST0127,Female,South,62.0,Smartphone,Electronics,800.0,4,3200,6.66
CUST0128,Female,North,52.0,Monitor,Electronics,621.9121224973303,3,900,11.04
CUST0155,Male,West,41.0,Headphones,Accessories,100.0,3,300,11.98
CUST0115,Male,South,53.0,Headphones,Accessories,100.0,5,500,5.93
CUST0115,Male,West,53.0,Smartwatch,Wearables,200.0,5,1000,19.43
CUST0282,Male,East,68.0,Smartphone,Electronics,800.0,3,2400,8.23
CUST0158,Male,West,51.0,Smartphone,Electronics,800.0,1,800,18.58
CUST0088,Female,South,66.0,Laptop,Electronics,1500.0,1,1500,13.16
CUST0124,Male,South,53.0,Monitor,Electronics,300.0,2,600,8.51
CUST0055,Female,North,45.0,Smartwatch,Wearables,200.0,2,400,10.82
CUST0201,Female,South,49.0,Laptop,Electronics,1500.0,3,4500,17.62
CUST0256,Female,West,69.0,Mouse,Accessories,30.0,5,150,9.07
CUST0055,Male,East,45.0,Keyboard,Accessories,50.0,1,50,11.27
CUST0076,Male,South,26.0,Monitor,Electronics,300.0,4,1200,6.9
CUST0273,Male,South,55.0,Monitor,Electronics,300.0,3,900,7.31
CUST0022,Female,,33.0,Mouse,Accessories,30.0,1,30,15.29
CUST0204,Male,East,54.0,Laptop,Electronics,1500.0,2,3000,12.68
CUST0194,Female,South,61.0,Mouse,Accessories,30.0,1,30,19.54
CUST0138,Male,East,46.0,Smartphone,Electronics,800.0,4,3200,17.82
CUST0071,Female,North,46.0,Mouse,Accessories,30.0,4,120,10.01
CUST0044,Female,North,30.0,Keyboard,Accessories,50.0,4,200,16.61
CUST0273,Male,South,55.0,Headphones,Accessories,100.0,4,400,18.99
CUST0196,Female,East,37.0,Headphones,Accessories,100.0,4,400,11.4
CUST0212,Female,East,62.0,Mouse,Accessories,30.0,2,60,8.36
CUST0106,Female,East,,Mouse,Accessories,30.0,5,150,10.03
CUST0133,Male,North,47.0,Headphones,Accessories,100.0,3,300,15.0
CUST0262,Male,West,27.0,Mouse,Accessories,30.0,4,120,16.05
CUST0280,Female,East,44.0,Keyboard,Accessories,50.0,4,200,12.3
CUST0074,Male,North,36.0,Smartwatch,Wearables,200.0,2,400,12.03
CUST0300,Female,East,,Mouse,Accessories,30.0,3,90,11.56
CUST0027,Female,North,36.0,Laptop,Electronics,1500.0,4,6000,11.21
CUST0016,Male,South,61.0,Smartphone,Electronics,800.0,1,800,17.43
CUST0152,Male,South,69.0,Smartphone,Electronics,800.0,3,2400,13.57
CUST0278,Female,East,52.0,Smartwatch,Wearables,200.0,3,600,10.21
CUST0095,Female,South,60.0,Smartphone,Electronics,800.0,5,4000,18.75
CUST0229,Male,West,45.0,Monitor,Electronics,300.0,1,300,16.7
CUST0128,Male,West,52.0,Monitor,Electronics,300.0,1,300,14.67
CUST0032,Female,South,63.0,Monitor,Electronics,300.0,5,1500,18.0
CUST0283,Female,South,67.0,Keyboard,Accessories,50.0,5,250,10.04
CUST0238,Male,West,26.0,Keyboard,Accessories,50.0,4,200,10.23
CUST0051,Male,West,41.0,Smartwatch,Wearables,200.0,4,800,8.56
CUST0144,Female,South,,Smartphone,Electronics,800.0,5,4000,10.52
CUST0134,Male,South,58.0,Monitor,Electronics,300.0,5,1500,19.72
CUST0129,Male,South,66.0,Mouse,Accessories,30.0,2,60,9.19
CUST0148,Female,West,67.0,Headphones,Accessories,100.0,2,200,19.58
CUST0211,Male,North,35.0,Smartphone,Electronics,800.0,5,4000,15.61
CUST0272,Male,South,52.0,Keyboard,Accessories,50.0,2,100,13.78
CUST0092,Female,East,32.0,Mouse,Accessories,30.0,5,150,15.68
CUST0203,Female,,33.0,Smartwatch,Wearables,200.0,1,200,14.86
CUST0109,Male,North,57.0,Smartwatch,Wearables,200.0,1,200,13.34
CUST0204,Female,South,54.0,Laptop,Electronics,1500.0,5,7500,5.02
CUST0291,Male,West,49.0,Smartwatch,Wearables,200.0,4,800,18.56
CUST0153,Female,South,40.0,Headphones,Accessories,100.0,5,500,14.22
CUST0220,Male,North,67.0,Headphones,Accessories,100.0,5,500,13.85
CUST0199,Female,North,41.0,Mouse,Accessories,30.0,3,90,18.37
CUST0245,Male,West,63.0,Smartphone,Electronics,800.0,2,1600,19.63
CUST0228,Male,North,25.0,Smartphone,Electronics,800.0,1,800,5.64
CUST0106,Male,North,50.0,Laptop,Electronics,1500.0,5,7500,15.14
CUST0174,Male,West,68.0,Mouse,Accessories,30.0,4,120,14.02
CUST0161,Male,West,62.0,Smartwatch,Wearables,200.0,3,600,17.9
CUST0204,Male,South,54.0,Smartphone,Electronics,800.0,1,800,7.77
CUST0062,Male,West,43.0,Smartwatch,Wearables,200.0,2,400,13.02
CUST0114,Male,South,60.0,Keyboard,Accessories,50.0,1,50,6.25
CUST0102,Male,West,25.0,Monitor,Electronics,300.0,3,900,9.94
CUST0140,Male,East,50.0,Smartphone,Electronics,800.0,1,800,10.36
CUST0142,Female,South,32.0,Smartphone,Electronics,800.0,1,800,8.45
CUST0016,Male,East,61.0,Smartphone,Electronics,800.0,2,1600,19.07
CUST0023,Male,South,,Keyboard,Accessories,50.0,5,250,10.03
CUST0008,Female,West,18.0,Mouse,Accessories,30.0,4,120,8.76
CUST0268,Male,North,21.0,Monitor,Electronics,300.0,2,600,5.69
CUST0162,Male,East,69.0,Headphones,Accessories,100.0,1,100,6.43
CUST0121,Female,West,66.0,Smartwatch,Wearables,200.0,5,1000,19.19
CUST0047,Female,West,41.0,Smartwatch,Wearables,200.0,3,600,10.92
CUST0148,Male,East,67.0,Keyboard,Accessories,50.0,5,250,11.17
CUST0251,Female,East,42.0,Smartphone,Electronics,800.0,3,2400,10.65
CUST0028,Female,West,50.0,Monitor,Electronics,300.0,1,300,14.36
CUST0174,Female,East,68.0,Headphones,Accessories,100.0,4,400,11.92
CUST0296,Female,East,50.0,Smartphone,Electronics,800.0,5,4000,13.43
CUST0085,Male,,,Smartphone,Electronics,800.0,1,800,16.2
CUST0281,Male,West,44.0,Laptop,Electronics,1500.0,5,7500,7.21
CUST0010,Female,East,37.0,Headphones,Accessories,100.0,3,300,7.41
CUST0186,Female,West,55.0,Laptop,Electronics,1500.0,1,1500,19.04
CUST0281,Female,North,44.0,Laptop,Electronics,1500.0,2,3000,9.87
CUST0031,Female,East,67.0,Smartphone,Electronics,800.0,5,4000,9.6
CUST0270,Female,East,,Headphones,Accessories,100.0,3,300,13.33
CUST0039,Female,North,60.0,Smartphone,Electronics,800.0,2,1600,19.2
CUST0063,Male,South,20.0,Keyboard,Accessories,50.0,1,50,17.61
CUST0097,Female,East,34.0,Smartwatch,Wearables,200.0,1,200,17.66
CUST0067,Female,North,19.0,Laptop,Electronics,1500.0,4,6000,14.45
CUST0124,Female,East,,Smartphone,Electronics,800.0,4,3200,19.17
CUST0284,Female,South,64.0,Monitor,Electronics,300.0,3,900,19.12
CUST0010,Male,West,37.0,Monitor,Electronics,300.0,1,300,9.72
CUST0276,Female,West,66.0,Monitor,Electronics,300.0,1,300,18.63
CUST0256,Male,South,69.0,Smartphone,Electronics,800.0,3,2400,5.26
CUST0221,Female,South,33.0,Mouse,Accessories,30.0,2,60,15.69
CUST0062,Female,West,43.0,Monitor,Electronics,300.0,3,900,8.58
CUST0219,Female,South,48.0,Headphones,Accessories,207.30404083244343,1,100,9.55
CUST0053,Male,,25.0,Keyboard,Accessories,50.0,3,150,11.95
CUST0144,Female,South,54.0,Smartphone,Electronics,800.0,4,3200,7.86
CUST0081,Male,South,38.0,Monitor,Electronics,300.0,5,1500,12.67
CUST0044,Female,South,30.0,Monitor,Electronics,300.0,2,600,16.31
CUST0055,Female,South,45.0,Smartwatch,Wearables,200.0,3,600,18.24
CUST0272,Male,North,52.0,Mouse,Accessories,30.0,3,90,11.88
CUST0126,Female,South,66.0,Mouse,Accessories,30.0,2,60,5.53
CUST0167,Male,South,67.0,Smartwatch,Wearables,200.0,3,600,8.01
CUST0043,Female,South,22.0,Mouse,Accessories,30.0,4,120,19.24
CUST0201,Male,West,49.0,Monitor,Electronics,300.0,2,600,7.0
CUST0237,Male,South,65.0,Smartwatch,Wearables,200.0,3,600,6.94
CUST0028,Female,East,,Laptop,Electronics,1500.0,1,1500,6.62
CUST0150,Female,North,63.0,Monitor,Electronics,300.0,3,900,19.87
CUST0247,Male,South,44.0,Keyboard,Accessories,50.0,2,100,10.09
CUST0058,Female,East,42.0,Monitor,Electronics,300.0,2,600,6.22
CUST0281,Male,West,,Laptop,Electronics,1500.0,4,6000,7.66
CUST0041,Male,East,64.0,Smartphone,Electronics,800.0,4,3200,5.82
CUST0204,Male,East,54.0,Monitor,Electronics,300.0,4,1200,18.4
CUST0095,Female,North,60.0,Smartwatch,Wearables,200.0,2,400,18.88
CUST0272,Female,North,52.0,Smartwatch,Wearables,200.0,3,600,15.36
CUST0069,Male,East,,Monitor,Electronics,300.0,4,1200,16.88
CUST0202,Male,South,56.0,Headphones,Accessories,100.0,4,400,19.94
CUST0054,Female,North,64.0,Headphones,Accessories,100.0,1,100,10.32
CUST0187,Female,East,25.0,Keyboard,Accessories,50.0,4,200,7.33
CUST0065,Male,South,41.0,Smartphone,Electronics,800.0,5,4000,6.41
CUST0019,Male,West,69.0,Smartwatch,Wearables,200.0,1,200,12.86
CUST0054,Female,North,64.0,Keyboard,Accessories,50.0,1,50,13.13
CUST0018,Female,,38.0,Mouse,Accessories,30.0,2,60,17.21
CUST0059,Male,North,18.0,Laptop,Electronics,1500.0,2,3000,7.81
CUST0075,Female,South,56.0,Mouse,Accessories,30.0,5,150,5.44
CUST0129,Female,East,66.0,Smartphone,Electronics,800.0,3,2400,19.63
CUST0103,Male,North,,Smartphone,Electronics,800.0,1,800,15.79
CUST0176,Female,South,51.0,Laptop,Electronics,1500.0,3,4500,5.72
CUST0299,Female,West,58.0,Smartwatch,Wearables,200.0,3,600,9.69
CUST0178,Female,South,44.0,Smartphone,Electronics,1658.4323266595475,3,2400,19.31
CUST0138,Female,East,46.0,Laptop,Electronics,1500.0,4,6000,16.31
CUST0152,Male,East,69.0,Mouse,Accessories,30.0,1,30,10.99
CUST0212,Female,West,62.0,Smartphone,Electronics,800.0,3,2400,16.12
CUST0208,Female,South,57.0,Smartwatch,Wearables,200.0,2,400,8.71
CUST0026,Male,East,27.0,Smartphone,Electronics,800.0,5,4000,12.26
CUST0224,Female,East,57.0,Smartphone,Electronics,800.0,1,800,19.34
CUST0131,Female,West,67.0,Laptop,Electronics,1500.0,2,3000,18.81
CUST0019,Male,North,69.0,Monitor,Electronics,300.0,1,300,14.91
CUST0291,Female,North,49.0,Mouse,Accessories,30.0,1,30,5.6
CUST0032,Male,West,63.0,Laptop,Electronics,1500.0,3,4500,19.69
CUST0230,Male,South,,Laptop,Electronics,1500.0,4,6000,15.12
CUST0285,Female,North,58.0,Headphones,Accessories,100.0,1,100,5.25
CUST0199,Male,North,41.0,Headphones,Accessories,100.0,1,100,18.38
CUST0045,Female,East,21.0,Monitor,Electronics,300.0,3,900,15.22
CUST0063,Male,North,20.0,Monitor,Electronics,300.0,4,1200,15.57
CUST0178,Male,East,44.0,Laptop,Electronics,1500.0,5,7500,8.03
CUST0210,Female,North,30.0,Monitor,Electronics,300.0,5,1500,16.68
CUST0105,Female,North,27.0,Headphones,Accessories,100.0,2,200,12.44
CUST0198,Male,South,,Monitor,Electronics,300.0,3,900,6.39
CUST0241,Female,East,27.0,Keyboard,Accessories,50.0,1,50,11.72
CUST0201,Female,West,49.0,Smartphone,Electronics,800.0,2,1600,6.85
CUST0052,Male,South,66.0,Mouse,Accessories,30.0,4,120,14.27
CUST0258,Female,North,39.0,Laptop,Electronics,1500.0,3,4500,15.91
CUST0123,Male,South,52.0,Laptop,Electronics,1500.0,5,7500,16.01
CUST0285,Male,South,,Smartphone,Electronics,800.0,3,2400,19.44
CUST0279,Female,West,59.0,Mouse,Accessories,30.0,3,90,7.34
CUST0052,Female,East,66.0,Headphones,Accessories,100.0,3,300,13.21
CUST0200,Female,West,,Laptop,Electronics,1500.0,5,7500,11.03
CUST0103,Female,South,23.0,Keyboard,Accessories,50.0,5,250,14.12
CUST0129,Female,North,66.0,Smartwatch,Wearables,200.0,5,1000,10.43
CUST0012,Female,North,28.0,Laptop,Electronics,1500.0,1,1500,12.71
CUST0139,Male,East,57.0,Smartphone,Electronics,800.0,2,1600,12.55
CUST0108,Male,South,,Keyboard,Accessories,50.0,2,100,6.85
CUST0196,Male,West,37.0,Laptop,Electronics,1500.0,2,3000,17.23
CUST0007,Male,East,52.0,Headphones,Accessories,100.0,3,300,19.53
CUST0118,Male,West,,Smartwatch,Wearables,200.0,3,600,18.62
CUST0227,Female,East,54.0,Mouse,Accessories,30.0,5,150,14.71
CUST0219,Female,South,48.0,Keyboard,Accessories,50.0,2,100,12.46
CUST0297,Male,East,61.0,Monitor,Electronics,300.0,2,600,12.26
CUST0098,Female,East,57.0,Headphones,Accessories,100.0,4,400,8.84
CUST0284,Female,South,64.0,Smartwatch,Wearables,200.0,5,1000,13.46
CUST0137,Female,West,19.0,Monitor,Electronics,300.0,5,1500,19.39
CUST0127,Male,North,62.0,Headphones,Accessories,100.0,2,200,5.13
CUST0052,Male,East,66.0,Mouse,Accessories,30.0,2,60,6.23
CUST0162,Female,South,69.0,Smartwatch,Wearables,200.0,4,800,12.26
CUST0069,Female,East,66.0,Laptop,Electronics,1500.0,4,6000,16.92
CUST0011,Female,West,54.0,Smartphone,Electronics,1658.4323266595475,2,1600,15.8
CUST0293,Male,South,32.0,Laptop,Electronics,1500.0,3,4500,8.53
CUST0078,Female,East,38.0,Monitor,Electronics,300.0,1,300,7.57
CUST0290,Female,,37.0,Headphones,Accessories,100.0,3,300,5.29
CUST0130,Female,West,68.0,Smartwatch,Wearables,200.0,3,600,5.65
CUST0186,Female,East,55.0,Smartwatch,Wearables,200.0,5,1000,18.29
CUST0164,Male,South,50.0,Monitor,Electronics,300.0,3,900,11.22
CUST0024,Female,,57.0,Monitor,Electronics,300.0,2,600,15.59
CUST0006,Female,East,,Smartwatch,Wearables,200.0,3,600,13.94
CUST0124,Female,North,53.0,Monitor,Electronics,300.0,1,300,16.32
CUST0060,Female,West,41.0,Headphones,Accessories,100.0,5,500,18.06
CUST0046,Female,North,22.0,Mouse,Accessories,30.0,1,30,8.96
CUST0280,Male,South,44.0,Smartwatch,Wearables,200.0,4,800,6.43
CUST0012,Male,South,28.0,Headphones,Accessories,100.0,3,300,17.16
CUST0095,Male,East,60.0,Mouse,Accessories,30.0,3,90,18.42
CUST0279,Female,,,Mouse,Accessories,30.0,2,60,11.28
CUST0158,Female,,51.0,Monitor,Electronics,300.0,4,1200,6.91
CUST0193,Male,South,64.0,Keyboard,Accessories,50.0,4,200,17.18
CUST0270,Male,East,64.0,Keyboard,Accessories,50.0,1,50,18.23
CUST0005,Female,East,56.0,Mouse,Accessories,30.0,2,60,7.58
CUST0118,Female,West,23.0,Smartphone,Electronics,800.0,2,1600,9.07
CUST0016,Female,North,61.0,Keyboard,Accessories,50.0,1,50,19.39
CUST0168,Female,South,42.0,Keyboard,Accessories,50.0,2,100,12.44
CUST0091,Male,North,30.0,Keyboard,Accessories,50.0,1,50,19.02
CUST0066,Female,West,37.0,Headphones,Accessories,100.0,3,300,16.67
CUST0186,Female,East,55.0,Mouse,Accessories,30.0,1,30,5.24
CUST0130,Female,North,68.0,Monitor,Electronics,300.0,3,900,10.39
CUST0274,Female,West,51.0,Keyboard,Accessories,50.0,3,150,19.79
CUST0095,Female,East,60.0,Monitor,Electronics,300.0,4,1200,7.26
CUST0128,Female,East,52.0,Smartwatch,Wearables,200.0,5,1000,18.72
CUST0036,Male,South,,Keyboard,Accessories,50.0,3,150,9.99
CUST0016,Female,East,61.0,Monitor,Electronics,300.0,1,300,6.63
CUST0192,Male,South,58.0,Mouse,Accessories,30.0,1,30,11.39
CUST0013,Female,East,55.0,Keyboard,Accessories,50.0,4,200,6.66
CUST0059,Female,East,18.0,Keyboard,Accessories,50.0,4,200,7.76
CUST0065,Female,South,41.0,Smartphone,Electronics,800.0,1,800,6.24
CUST0025,Female,South,56.0,Headphones,Accessories,100.0,3,300,5.86
CUST0160,Female,South,69.0,Laptop,Electronics,1500.0,2,3000,5.35
CUST0096,Female,North,61.0,Smartphone,Electronics,800.0,5,4000,13.72
CUST0071,Male,East,46.0,Smartphone,Electronics,800.0,2,1600,13.1
CUST0044,Male,East,30.0,Smartwatch,Wearables,200.0,2,400,13.54
CUST0299,Female,East,58.0,Smartphone,Electronics,800.0,5,4000,5.65
CUST0291,Female,South,49.0,Monitor,Electronics,300.0,3,900,17.93
CUST0266,Female,North,29.0,Monitor,Electronics,300.0,4,1200,5.79
CUST0184,Female,North,54.0,Smartphone,Electronics,800.0,1,800,13.72
CUST0130,Male,West,68.0,Keyboard,Accessories,50.0,3,150,8.99
CUST0052,Male,South,66.0,Monitor,Electronics,300.0,4,1200,17.59
CUST0240,Male,East,39.0,Keyboard,Accessories,50.0,4,200,13.51
CUST0054,Male,South,64.0,Smartphone,Electronics,800.0,1,800,19.15
CUST0038,Female,North,57.0,Keyboard,Accessories,50.0,2,100,16.78
CUST0023,Male,East,,Monitor,Electronics,300.0,5,1500,8.56
CUST0183,Male,North,42.0,Mouse,Accessories,30.0,5,150,9.26
CUST0012,Male,,28.0,Monitor,Electronics,300.0,5,1500,13.09
CUST0136,Female,South,36.0,Mouse,Accessories,30.0,5,150,6.58
CUST0052,Female,South,66.0,Mouse,Accessories,30.0,2,60,12.21
CUST0141,Male,West,58.0,Monitor,Electronics,300.0,4,1200,6.4
CUST0144,Male,South,54.0,Smartphone,Electronics,800.0,5,4000,19.43
CUST0156,Female,North,57.0,Monitor,Electronics,300.0,1,300,15.49
CUST0199,Male,West,,Smartphone,Electronics,800.0,3,2400,6.95
CUST0197,Male,North,54.0,Laptop,Electronics,1500.0,4,6000,5.05
CUST0196,Female,West,37.0,Laptop,Electronics,1500.0,1,1500,12.95
CUST0243,Female,West,58.0,Headphones,Accessories,100.0,5,500,19.98
CUST0182,Male,South,19.0,Smartphone,Electronics,800.0,4,3200,12.3
CUST0296,Female,South,50.0,Monitor,Electronics,300.0,4,1200,7.42
CUST0296,Female,West,50.0,Mouse,Accessories,30.0,1,30,15.21
CUST0264,Female,West,59.0,Monitor,Electronics,300.0,3,900,19.8
CUST0136,Female,West,,Mouse,Accessories,30.0,5,150,13.14
CUST0010,Male,West,,Headphones,Accessories,100.0,5,500,15.78
CUST0131,Male,West,67.0,Keyboard,Accessories,50.0,5,250,5.81
CUST0252,Male,West,55.0,Headphones,Accessories,100.0,5,500,7.98
CUST0294,Female,East,49.0,Mouse,Accessories,30.0,5,150,19.83
CUST0253,Male,West,51.0,Smartphone,Electronics,800.0,5,4000,16.14
CUST0289,Female,North,37.0,Mouse,Accessories,30.0,4,120,9.0
CUST0126,Female,North,66.0,Smartphone,Electronics,800.0,1,800,16.42
CUST0024,Female,South,57.0,Laptop,Electronics,1500.0,1,1500,9.69
CUST0058,Male,East,,Laptop,Electronics,1500.0,4,6000,16.49
CUST0170,Male,West,40.0,Keyboard,Accessories,50.0,2,100,14.0
CUST0064,Female,East,61.0,Laptop,Electronics,1500.0,3,4500,12.21
CUST0043,Male,North,22.0,Keyboard,Accessories,50.0,4,200,9.82
CUST0103,Male,North,23.0,Smartwatch,Wearables,200.0,5,1000,14.5
CUST0032,Male,North,63.0,Mouse,Accessories,30.0,4,120,14.68
CUST0182,Male,West,19.0,Mouse,Accessories,30.0,1,30,17.33
CUST0076,Male,North,26.0,Headphones,Accessories,100.0,2,200,17.84
CUST0215,Female,North,35.0,Monitor,Electronics,300.0,5,1500,19.58
CUST0105,Male,South,27.0,Keyboard,Accessories,50.0,5,250,17.69
CUST0295,Female,East,26.0,Smartphone,Electronics,800.0,5,4000,18.99
CUST0002,Female,South,23.0,Keyboard,Accessories,50.0,5,250,17.96
CUST0283,Female,East,67.0,Laptop,Electronics,1500.0,1,1500,11.14
CUST0047,Female,West,41.0,Laptop,Electronics,1500.0,1,1500,14.86
CUST0153,Male,West,,Mouse,Accessories,30.0,2,60,6.54
CUST0047,Male,East,41.0,Headphones,Accessories,207.30404083244343,2,200,9.15
CUST0269,Male,East,64.0,Monitor,Electronics,300.0,4,1200,13.49
CUST0022,Male,North,,Laptop,Electronics,1500.0,2,3000,8.24
CUST0106,Female,East,50.0,Smartphone,Electronics,800.0,3,2400,10.13
CUST0284,Male,South,64.0,Headphones,Accessories,100.0,2,200,10.57
CUST0149,Male,South,40.0,Laptop,Electronics,1500.0,1,1500,14.19
CUST0068,Male,East,64.0,Smartwatch,Wearables,200.0,3,600,5.7
CUST0289,Female,East,37.0,Smartwatch,Wearables,200.0,5,1000,5.6
CUST0247,Male,South,44.0,Laptop,Electronics,1500.0,3,4500,18.21
CUST0295,Male,West,26.0,Laptop,Electronics,1500.0,3,4500,12.84
CUST0236,Male,West,18.0,Laptop,Electronics,1500.0,2,3000,18.07
CUST0148,Male,West,,Keyboard,Accessories,50.0,4,200,14.29
CUST0122,Male,North,68.0,Headphones,Accessories,100.0,4,400,11.52
CUST0246,Female,South,64.0,Monitor,Electronics,300.0,3,900,15.77
CUST0282,Male,North,68.0,Laptop,Electronics,1500.0,4,6000,5.24
CUST0204,Male,West,54.0,Headphones,Accessories,100.0,5,500,8.64
CUST0053,Male,North,25.0,Laptop,Electronics,1500.0,4,6000,13.08
CUST0036,Male,,33.0,Smartphone,Electronics,800.0,4,3200,13.29
CUST0085,Male,West,18.0,Smartphone,Electronics,800.0,5,4000,13.44
CUST0071,Female,South,,Headphones,Accessories,100.0,1,100,14.98
CUST0248,Male,East,67.0,Monitor,Electronics,300.0,1,300,8.65
CUST0088,Female,West,66.0,Headphones,Accessories,100.0,5,500,14.84
CUST0020,Female,North,55.0,Monitor,Electronics,300.0,1,300,7.38
CUST0274,Female,East,51.0,Laptop,Electronics,1500.0,5,7500,12.33
CUST0196,Male,East,37.0,Smartwatch,Wearables,200.0,5,1000,19.55
CUST0022,Male,,33.0,Smartphone,Electronics,800.0,3,2400,5.22
CUST0211,Male,West,,Keyboard,Accessories,50.0,1,50,14.62
CUST0152,Female,South,69.0,Smartwatch,Wearables,200.0,3,600,19.07
CUST0042,Male,East,57.0,Smartwatch,Wearables,200.0,5,1000,15.99
CUST0235,Male,East,19.0,Headphones,Accessories,100.0,5,500,19.53
CUST0206,Male,South,43.0,Laptop,Electronics,1500.0,5,7500,13.04
CUST0103,Female,,23.0,Mouse,Accessories,30.0,2,60,18.45
CUST0179,Male,North,45.0,Smartphone,Electronics,800.0,4,3200,15.02
CUST0157,Female,East,48.0,Keyboard,Accessories,50.0,4,200,8.27
CUST0272,Male,South,52.0,Mouse,Accessories,30.0,3,90,8.66
CUST0071,Female,South,46.0,Headphones,Accessories,100.0,5,500,11.88
CUST0268,Male,North,21.0,Keyboard,Accessories,50.0,3,150,15.03
CUST0017,Female,West,36.0,Keyboard,Accessories,50.0,5,250,12.63
CUST0221,Male,West,33.0,Monitor,Electronics,300.0,3,900,7.25
CUST0207,Male,West,54.0,Headphones,Accessories,100.0,2,200,6.22
CUST0077,Male,East,50.0,Monitor,Electronics,300.0,3,900,14.75
CUST0253,Female,East,51.0,Headphones,Accessories,100.0,4,400,17.18
CUST0253,Female,East,51.0,Keyboard,Accessories,50.0,3,150,14.99
CUST0225,Female,North,,Smartwatch,Wearables,200.0,1,200,17.3
CUST0091,Female,West,30.0,Headphones,Accessories,100.0,1,100,6.47
CUST0142,Female,South,32.0,Keyboard,Accessories,50.0,5,250,10.39
CUST0142,Female,South,32.0,Monitor,Electronics,300.0,1,300,9.57
CUST0032,Male,North,63.0,Smartphone,Electronics,800.0,2,1600,6.57
CUST0011,Male,West,54.0,Keyboard,Accessories,50.0,1,50,13.9
CUST0204,Male,West,54.0,Laptop,Electronics,3109.5606124866517,5,7500,19.71
CUST0068,Male,East,64.0,Smartwatch,Wearables,200.0,2,400,11.49
CUST0222,Female,East,61.0,Mouse,Accessories,30.0,2,60,13.74
CUST0145,Male,East,51.0,Laptop,Electronics,1500.0,1,1500,15.23
CUST0083,Female,South,28.0,Laptop,Electronics,1500.0,1,1500,19.84
CUST0158,Female,North,51.0,Headphones,Accessories,100.0,3,300,18.63
CUST0063,Female,North,20.0,Laptop,Electronics,1500.0,5,7500,15.07
CUST0249,Male,South,33.0,Monitor,Electronics,300.0,5,1500,15.98
CUST0012,Male,West,28.0,Monitor,Electronics,300.0,2,600,14.13
CUST0038,Male,East,57.0,Monitor,Electronics,300.0,2,600,17.67
CUST0216,Female,West,53.0,Keyboard,Accessories,50.0,5,250,15.62
CUST0172,Female,South,56.0,Monitor,Electronics,300.0,5,1500,12.62
CUST0048,Male,North,34.0,Monitor,Electronics,300.0,2,600,11.88
CUST0260,Male,East,32.0,Monitor,Electronics,300.0,2,600,12.92
CUST0063,Male,North,20.0,Smartwatch,Wearables,200.0,4,800,15.78
CUST0218,Male,,36.0,Laptop,Electronics,1500.0,4,6000,14.0
CUST0263,Male,North,,Smartphone,Electronics,800.0,2,1600,7.17
CUST0160,Male,South,69.0,Monitor,Electronics,300.0,2,600,18.79
CUST0250,Female,North,64.0,Smartphone,Electronics,800.0,2,1600,17.54
CUST0038,Male,North,57.0,Keyboard,Accessories,50.0,3,150,18.44
CUST0048,Male,North,34.0,Monitor,Electronics,300.0,2,600,12.94
CUST0183,Female,West,42.0,Monitor,Electronics,300.0,3,900,14.11
CUST0240,Female,,39.0,Headphones,Accessories,100.0,1,100,7.09
CUST0155,Male,North,41.0,Smartwatch,Wearables,200.0,1,200,18.84
CUST0185,Male,North,29.0,Laptop,Electronics,1500.0,5,7500,13.95
CUST0229,Female,North,,Headphones,Accessories,100.0,4,400,11.95
CUST0229,Male,North,45.0,Mouse,Accessories,30.0,3,90,10.06
CUST0139,Male,North,57.0,Mouse,Accessories,30.0,5,150,19.16
CUST0009,Male,West,50.0,Headphones,Accessories,100.0,2,200,19.13
CUST0095,Male,West,60.0,Keyboard,Accessories,50.0,5,250,13.0
CUST0001,Female,East,38.0,Keyboard,Accessories,50.0,3,150,6.14
CUST0200,Male,East,68.0,Laptop,Electronics,1500.0,3,4500,11.29
CUST0086,Male,West,26.0,Smartwatch,Wearables,200.0,5,1000,14.83
CUST0193,Female,North,64.0,Monitor,Electronics,300.0,3,900,15.97
CUST0193,Female,East,64.0,Headphones,Accessories,100.0,4,400,12.48
CUST0044,Female,East,30.0,Monitor,Electronics,300.0,4,1200,10.86
CUST0187,Male,East,25.0,Laptop,Electronics,1500.0,5,7500,16.95
CUST0006,Female,East,52.0,Headphones,Accessories,100.0,2,200,18.95
CUST0021,Male,North,43.0,Mouse,Accessories,30.0,4,120,10.77
CUST0271,Female,South,46.0,Headphones,Accessories,100.0,2,200,19.54
CUST0160,Male,East,69.0,Laptop,Electronics,1500.0,4,6000,10.0
CUST0095,Female,East,,Laptop,Electronics,1500.0,5,7500,12.35
CUST0025,Female,East,56.0,Monitor,Electronics,300.0,3,900,17.34
CUST0188,Male,West,29.0,Keyboard,Accessories,50.0,3,150,12.06
CUST0238,Female,West,,Mouse,Accessories,30.0,2,60,14.07
CUST0180,Male,North,,Laptop,Electronics,1500.0,2,3000,16.82
CUST0011,Female,North,54.0,Smartphone,Electronics,800.0,5,4000,19.49
CUST0264,Male,West,59.0,Keyboard,Accessories,50.0,2,100,15.51
CUST0156,Male,East,57.0,Smartwatch,Wearables,200.0,5,1000,9.77
CUST0044,Male,West,30.0,Headphones,Accessories,100.0,1,100,15.64
CUST0202,Male,East,56.0,Smartphone,Electronics,800.0,5,4000,12.22
CUST0171,Male,East,21.0,Headphones,Accessories,100.0,5,500,13.7
CUST0109,Female,,57.0,Laptop,Electronics,1500.0,4,6000,12.77
CUST0213,Female,North,45.0,Monitor,Electronics,300.0,4,1200,14.76
CUST0261,Male,North,,Mouse,Accessories,30.0,3,90,11.71
CUST0030,Female,East,44.0,Smartphone,Electronics,800.0,5,4000,17.36
CUST0145,Male,North,51.0,Headphones,Accessories,100.0,4,400,10.89
CUST0044,Male,,30.0,Smartphone,Electronics,800.0,1,800,14.23
CUST0199,Male,North,41.0,Monitor,Electronics,300.0,1,300,9.5
CUST0111,Female,West,19.0,Monitor,Electronics,300.0,3,900,13.79
CUST0124,Male,South,53.0,Smartphone,Electronics,800.0,1,800,5.36
CUST0299,Male,West,58.0,Smartphone,Electronics,800.0,5,4000,19.93
CUST0241,Female,,27.0,Keyboard,Accessories,50.0,2,100,19.92
CUST0010,Male,South,37.0,Smartwatch,Wearables,200.0,2,400,14.16
CUST0293,Female,East,32.0,Laptop,Electronics,1500.0,5,7500,7.52
CUST0225,Male,West,65.0,Monitor,Electronics,300.0,4,1200,10.09
CUST0197,Male,North,54.0,Laptop,Electronics,1500.0,4,6000,6.73
CUST0035,Female,West,20.0,Mouse,Accessories,30.0,4,120,5.19
CUST0280,Male,,44.0,Keyboard,Accessories,50.0,1,50,12.3
CUST0129,Male,South,66.0,Laptop,Electronics,1500.0,4,6000,13.08
CUST0144,Female,,54.0,Laptop,Electronics,1500.0,4,6000,12.0
CUST0174,Male,North,68.0,Mouse,Accessories,30.0,2,60,9.28
CUST0219,Female,South,48.0,Keyboard,Accessories,50.0,5,250,14.34
CUST0198,Male,South,56.0,Monitor,Electronics,300.0,2,600,17.13
CUST0139,Male,North,57.0,Monitor,Electronics,300.0,1,300,13.55
CUST0149,Male,West,40.0,Mouse,Accessories,30.0,5,150,9.01
CUST0031,Male,North,67.0,Laptop,Electronics,1500.0,4,6000,13.3
CUST0036,Female,South,33.0,Headphones,Accessories,100.0,5,500,8.27
CUST0029,Female,West,66.0,Laptop,Electronics,1500.0,2,3000,9.26
CUST0071,Male,West,46.0,Monitor,Electronics,300.0,3,900,18.83
CUST0108,Female,East,,Monitor,Electronics,300.0,1,300,6.55
CUST0251,Male,East,42.0,Laptop,Electronics,1500.0,2,3000,12.17
CUST0142,Male,North,32.0,Laptop,Electronics,1500.0,1,1500,8.53
CUST0025,Male,West,56.0,Monitor,Electronics,300.0,1,300,8.87
CUST0031,Female,South,67.0,Smartwatch,Wearables,200.0,1,200,5.45
CUST0159,Male,North,,Headphones,Accessories,100.0,2,200,10.39
CUST0094,Male,South,30.0,Headphones,Accessories,100.0,4,400,13.94
CUST0072,Male,East,21.0,Headphones,Accessories,100.0,4,400,12.96
CUST0078,Female,South,38.0,Keyboard,Accessories,50.0,4,200,11.0
CUST0105,Male,West,27.0,Laptop,Electronics,1500.0,2,3000,13.22
CUST0152,Male,North,69.0,Monitor,Electronics,300.0,5,1500,17.75
CUST0160,Female,West,69.0,Smartphone,Electronics,800.0,3,2400,15.53
CUST0248,Female,South,67.0,Laptop,Electronics,1500.0,1,1500,13.92
CUST0133,Male,West,47.0,Smartwatch,Wearables,200.0,3,600,13.73
CUST0260,Male,West,32.0,Monitor,Electronics,300.0,3,900,8.48
CUST0051,Female,West,41.0,Laptop,Electronics,1500.0,3,4500,13.82
CUST0177,Female,East,29.0,Mouse,Accessories,30.0,1,30,11.33
CUST0004,Male,North,65.0,Monitor,Electronics,300.0,4,1200,11.14
CUST0195,Female,East,48.0,Smartwatch,Wearables,200.0,5,1000,10.9
CUST0122,Male,East,68.0,Laptop,Electronics,1500.0,1,1500,19.37
CUST0058,Female,North,42.0,Mouse,Accessories,30.0,5,150,8.28
CUST0039,Male,,60.0,Laptop,Electronics,1500.0,1,1500,10.84
CUST0066,Female,North,37.0,Smartphone,Electronics,800.0,1,800,12.78
CUST0204,Female,South,54.0,Laptop,Electronics,1500.0,4,6000,12.84
CUST0208,Female,South,57.0,Monitor,Electronics,300.0,1,300,6.55
CUST0196,Female,East,37.0,Keyboard,Accessories,50.0,4,200,12.81
CUST0250,Female,North,64.0,Laptop,Electronics,1500.0,1,1500,18.19
CUST0227,Male,South,54.0,Smartwatch,Wearables,200.0,3,600,16.36
CUST0107,Male,West,67.0,Laptop,Electronics,1500.0,4,6000,14.85
CUST0177,Female,East,29.0,Smartwatch,Wearables,200.0,4,800,17.93
CUST0174,Female,South,68.0,Headphones,Accessories,100.0,2,200,11.73
CUST0066,Male,West,37.0,Mouse,Accessories,30.0,3,90,13.86
CUST0117,Male,North,22.0,Mouse,Accessories,30.0,5,150,18.22
CUST0008,Male,,18.0,Monitor,Electronics,300.0,2,600,8.33
CUST0010,Female,West,,Laptop,Electronics,1500.0,3,4500,6.86
CUST0107,Male,South,,Keyboard,Accessories,50.0,5,250,9.87
CUST0271,Male,West,,Smartwatch,Wearables,200.0,2,400,8.05
CUST0149,Male,North,40.0,Smartwatch,Wearables,200.0,4,800,11.68
CUST0173,Male,South,65.0,Laptop,Electronics,1500.0,3,4500,13.18
CUST0042,Female,East,57.0,Smartphone,Electronics,800.0,2,1600,9.01
CUST0106,Female,South,50.0,Headphones,Accessories,100.0,3,300,17.63
CUST0235,Male,West,19.0,Monitor,Electronics,300.0,1,300,7.48
CUST0220,Male,South,,Mouse,Accessories,30.0,1,30,6.7
CUST0264,Female,South,,Mouse,Accessories,30.0,5,150,14.88
CUST0020,Female,South,55.0,Smartphone,Electronics,800.0,4,3200,8.31
CUST0139,Female,,57.0,Smartphone,Electronics,800.0,3,2400,19.61
CUST0022,Female,South,33.0,Keyboard,Accessories,50.0,2,100,16.28
CUST0101,Female,North,53.0,Monitor,Electronics,300.0,4,1200,10.58
CUST0271,Male,East,46.0,Monitor,Electronics,300.0,4,1200,19.38
CUST0197,Female,West,54.0,Mouse,Accessories,30.0,3,90,14.77
CUST0135,Male,West,41.0,Smartwatch,Wearables,200.0,1,200,13.72
CUST0174,Male,West,68.0,Mouse,Accessories,30.0,5,150,16.66
CUST0139,Male,West,57.0,Laptop,Electronics,1500.0,5,7500,8.19
CUST0058,Male,West,42.0,Headphones,Accessories,100.0,5,500,5.43
CUST0152,Male,East,69.0,Smartwatch,Wearables,200.0,5,1000,7.71
CUST0231,Male,South,,Keyboard,Accessories,50.0,2,100,13.53
CUST0288,Male,North,,Keyboard,Accessories,50.0,3,150,6.88
CUST0296,Male,South,50.0,Monitor,Electronics,300.0,5,1500,8.08
CUST0155,Female,East,41.0,Monitor,Electronics,300.0,1,300,16.71
CUST0128,Female,South,,Monitor,Electronics,300.0,3,900,14.38
CUST0178,Male,North,44.0,Smartwatch,Wearables,200.0,3,600,11.82
CUST0298,Male,South,58.0,Smartphone,Electronics,800.0,2,1600,12.94
CUST0064,Male,West,61.0,Laptop,Electronics,3109.5606124866517,1,1500,18.37
CUST0091,Female,West,30.0,Mouse,Accessories,30.0,3,90,11.78
CUST0113,Female,East,38.0,Laptop,Electronics,1500.0,3,4500,7.52
CUST0087,Female,,49.0,Mouse,Accessories,30.0,2,60,17.46
CUST0087,Male,South,49.0,Monitor,Electronics,300.0,3,900,17.94
CUST0255,Male,West,,Smartphone,Electronics,800.0,3,2400,10.5
CUST0044,Female,South,30.0,Monitor,Electronics,300.0,1,300,14.91
CUST0133,Female,East,47.0,Laptop,Electronics,1500.0,3,4500,15.5
CUST0122,Male,East,68.0,Monitor,Electronics,300.0,3,900,16.44
CUST0220,Male,West,67.0,Laptop,Electronics,1500.0,2,3000,13.04
CUST0182,Male,East,19.0,Headphones,Accessories,100.0,2,200,14.11
CUST0081,Male,North,38.0,Monitor,Electronics,300.0,2,600,5.79
CUST0224,Male,South,57.0,Smartwatch,Wearables,200.0,4,800,13.93
CUST0070,Male,South,23.0,Smartphone,Electronics,800.0,1,800,6.7
CUST0263,Female,West,40.0,Monitor,Electronics,300.0,1,300,11.65
CUST0052,Female,North,66.0,Keyboard,Accessories,50.0,4,200,14.49
CUST0253,Male,North,51.0,Monitor,Electronics,300.0,5,1500,14.23
CUST0095,Male,North,60.0,Monitor,Electronics,300.0,2,600,15.88
CUST0031,Male,East,67.0,Keyboard,Accessories,50.0,1,50,19.41
CUST0128,Male,,52.0,Smartphone,Electronics,800.0,4,3200,15.79
CUST0077,Male,West,50.0,Mouse,Accessories,30.0,4,120,17.84
CUST0073,Male,South,19.0,Smartwatch,Wearables,200.0,3,600,10.07
CUST0173,Male,West,65.0,Mouse,Accessories,30.0,5,150,15.11
CUST0218,Female,East,36.0,Monitor,Electronics,300.0,4,1200,11.23
CUST0274,Male,South,51.0,Keyboard,Accessories,50.0,5,250,15.38
CUST0034,Female,East,65.0,Keyboard,Accessories,50.0,3,150,10.84
CUST0285,Female,South,58.0,Monitor,Electronics,300.0,4,1200,13.4
CUST0117,Female,South,22.0,Headphones,Accessories,100.0,3,300,7.7
CUST0208,Male,North,57.0,Mouse,Accessories,30.0,4,120,15.44
CUST0107,Female,South,67.0,Headphones,Accessories,100.0,5,500,8.74
CUST0145,Male,North,,Headphones,Accessories,100.0,4,400,14.68
CUST0232,Female,,44.0,Laptop,Electronics,1500.0,5,7500,18.3
CUST0039,Male,East,60.0,Smartwatch,Wearables,200.0,1,200,10.14
CUST0195,Female,West,48.0,Keyboard,Accessories,50.0,3,150,6.42
CUST0185,Female,South,29.0,Monitor,Electronics,300.0,5,1500,18.18
CUST0281,Female,South,,Keyboard,Accessories,50.0,3,150,5.62
CUST0061,Female,South,35.0,Smartphone,Electronics,800.0,1,800,17.3
CUST0232,Male,East,44.0,Mouse,Accessories,30.0,3,90,14.91
CUST0013,Female,South,55.0,Smartwatch,Wearables,200.0,4,800,7.31
CUST0058,Female,West,42.0,Keyboard,Accessories,50.0,1,50,8.05
CUST0159,Female,North,18.0,Laptop,Electronics,1500.0,1,1500,5.29
CUST0236,Male,West,18.0,Laptop,Electronics,1500.0,3,4500,19.41
CUST0281,Female,North,44.0,Monitor,Electronics,300.0,2,600,19.97
CUST0213,Female,South,,Smartwatch,Wearables,200.0,5,1000,9.18
CUST0286,Male,West,63.0,Keyboard,Accessories,50.0,2,100,6.28
CUST0136,Female,East,36.0,Keyboard,Accessories,50.0,4,200,9.3
CUST0228,Male,West,25.0,Keyboard,Accessories,50.0,1,50,18.71
CUST0124,Female,North,,Headphones,Accessories,100.0,5,500,14.28
CUST0201,Male,West,49.0,Smartphone,Electronics,800.0,1,800,12.3
CUST0038,Male,,57.0,Smartphone,Electronics,800.0,2,1600,19.87
CUST0276,Female,South,66.0,Laptop,Electronics,1500.0,3,4500,14.73
CUST0201,Female,North,49.0,Smartwatch,Wearables,200.0,3,600,9.26
CUST0104,Female,East,40.0,Keyboard,Accessories,50.0,4,200,15.14
CUST0101,Female,East,53.0,Smartwatch,Wearables,200.0,4,800,14.28
CUST0138,Female,West,46.0,Laptop,Electronics,3109.5606124866517,2,3000,6.44
CUST0035,Female,South,20.0,Keyboard,Accessories,50.0,3,150,11.05
CUST0273,Female,South,55.0,Mouse,Accessories,30.0,3,90,11.24
CUST0228,Female,West,25.0,Smartphone,Electronics,800.0,1,800,7.25
CUST0191,Female,,41.0,Laptop,Electronics,1500.0,4,6000,6.76
CUST0087,Female,North,,Headphones,Accessories,100.0,2,200,19.07
CUST0070,Female,West,23.0,Laptop,Electronics,1500.0,5,7500,19.41
CUST0088,Male,West,66.0,Monitor,Electronics,300.0,1,300,7.84
CUST0287,Female,South,60.0,Smartphone,Electronics,800.0,4,3200,9.99
CUST0116,Male,South,20.0,Monitor,Electronics,300.0,2,600,9.77
CUST0037,Female,West,51.0,Smartphone,Electronics,800.0,3,2400,15.28
CUST0215,Female,East,35.0,Mouse,Accessories,30.0,3,90,8.79
CUST0104,Male,West,40.0,Keyboard,Accessories,50.0,4,200,12.79
CUST0197,Male,North,54.0,Smartphone,Electronics,800.0,5,4000,9.55
CUST0298,Female,East,58.0,Mouse,Accessories,30.0,4,120,8.85
CUST0079,Male,South,26.0,Keyboard,Accessories,50.0,2,100,9.76
CUST0021,Female,East,43.0,Smartwatch,Wearables,200.0,1,200,6.18
CUST0162,Male,East,69.0,Laptop,Electronics,1500.0,3,4500,6.08
CUST0090,Male,West,61.0,Laptop,Electronics,1500.0,4,6000,9.46
CUST0064,Female,West,61.0,Headphones,Accessories,100.0,1,100,6.6
CUST0148,Female,North,67.0,Mouse,Accessories,30.0,4,120,19.59
CUST0081,Female,West,38.0,Monitor,Electronics,300.0,4,1200,12.55
CUST0160,Male,North,69.0,Keyboard,Accessories,50.0,5,250,14.32
CUST0080,Male,West,51.0,Smartphone,Electronics,800.0,5,4000,6.74
CUST0091,Male,South,30.0,Headphones,Accessories,100.0,2,200,7.01
CUST0112,Male,East,33.0,Laptop,Electronics,1500.0,2,3000,14.97
CUST0030,Female,West,44.0,Headphones,Accessories,100.0,4,400,10.03
CUST0276,Male,South,66.0,Keyboard,Accessories,50.0,2,100,8.51
CUST0034,Female,West,65.0,Keyboard,Accessories,50.0,1,50,7.55
CUST0271,Female,North,46.0,Mouse,Accessories,30.0,4,120,18.31
CUST0034,Male,North,65.0,Laptop,Electronics,1500.0,5,7500,16.39
CUST0122,Male,North,68.0,Laptop,Electronics,1500.0,2,3000,18.77
CUST0223,Female,East,20.0,Laptop,Electronics,1500.0,5,7500,9.26
CUST0052,Male,North,66.0,Smartphone,Electronics,800.0,4,3200,15.69
CUST0176,Male,South,,Keyboard,Accessories,50.0,4,200,11.55
CUST0276,Male,West,66.0,Smartphone,Electronics,800.0,3,2400,15.27
CUST0185,Female,West,29.0,Keyboard,Accessories,50.0,4,200,6.75
CUST0253,Female,East,51.0,Headphones,Accessories,100.0,2,200,5.79
CUST0055,Male,East,45.0,Smartwatch,Wearables,200.0,4,800,10.62
CUST0229,Female,North,,Monitor,Electronics,300.0,1,300,5.83
CUST0149,Female,,40.0,Headphones,Accessories,100.0,2,200,9.42
CUST0028,Male,East,50.0,Mouse,Accessories,30.0,5,150,6.26
CUST0011,Male,South,54.0,Headphones,Accessories,100.0,1,100,19.25
CUST0259,Male,West,59.0,Mouse,Accessories,30.0,2,60,18.17
CUST0296,Female,West,50.0,Monitor,Electronics,300.0,1,300,5.94
CUST0101,Male,East,53.0,Headphones,Accessories,100.0,3,300,15.61
CUST0288,Male,West,55.0,Laptop,Electronics,1500.0,2,3000,9.06
CUST0206,Female,,43.0,Keyboard,Accessories,50.0,4,200,16.25
CUST0179,Male,North,45.0,Monitor,Electronics,300.0,4,1200,7.16
CUST0293,Male,West,32.0,Monitor,Electronics,300.0,2,600,9.52
CUST0120,Female,North,35.0,Headphones,Accessories,100.0,4,400,12.85
CUST0112,Male,West,33.0,Smartphone,Electronics,800.0,5,4000,5.14
CUST0218,Female,East,36.0,Mouse,Accessories,30.0,5,150,6.78
CUST0018,Female,South,38.0,Keyboard,Accessories,50.0,5,250,12.25
CUST0193,Male,North,64.0,Laptop,Electronics,1500.0,4,6000,9.87
CUST0088,Male,West,66.0,Laptop,Electronics,1500.0,4,6000,11.5
CUST0116,Male,South,20.0,Mouse,Accessories,30.0,3,90,16.07
CUST0152,Female,West,69.0,Keyboard,Accessories,50.0,4,200,18.96
CUST0290,Female,East,37.0,Smartwatch,Wearables,200.0,4,800,5.98
CUST0293,Male,South,32.0,Monitor,Electronics,300.0,2,600,14.24
CUST0080,Male,South,51.0,Monitor,Electronics,300.0,5,1500,11.39
CUST0134,Female,North,58.0,Keyboard,Accessories,50.0,4,200,17.65
CUST0010,Female,East,37.0,Smartphone,Electronics,800.0,5,4000,6.67
CUST0252,Male,South,55.0,Smartwatch,Wearables,200.0,3,600,8.26
CUST0211,Female,West,35.0,Monitor,Electronics,300.0,5,1500,18.94
CUST0095,Female,South,60.0,Monitor,Electronics,300.0,3,900,19.78
CUST0226,Male,North,43.0,Smartphone,Electronics,800.0,4,3200,10.65
CUST0238,Female,North,26.0,Smartwatch,Wearables,200.0,4,800,14.25
CUST0274,Male,West,51.0,Monitor,Electronics,300.0,4,1200,6.26
CUST0225,Male,South,65.0,Keyboard,Accessories,50.0,3,150,12.69
CUST0233,Male,West,24.0,Smartwatch,Wearables,200.0,3,600,19.39
CUST0208,Male,North,57.0,Headphones,Accessories,100.0,4,400,14.49
CUST0006,Male,South,52.0,Smartwatch,Wearables,200.0,5,1000,13.13
CUST0181,Male,North,59.0,Monitor,Electronics,300.0,4,1200,15.92
CUST0126,Male,West,66.0,Smartwatch,Wearables,200.0,5,1000,12.06
CUST0118,Male,East,23.0,Keyboard,Accessories,50.0,1,50,16.34
CUST0007,Female,North,52.0,Smartwatch,Wearables,200.0,3,600,15.85
CUST0263,Female,South,,Headphones,Accessories,100.0,3,300,19.01
CUST0256,Male,East,,Laptop,Electronics,1500.0,3,4500,9.83
CUST0172,Female,East,56.0,Mouse,Accessories,30.0,4,120,5.17
CUST0114,Male,South,,Smartphone,Electronics,800.0,3,2400,15.04
CUST0198,Male,West,,Smartphone,Electronics,800.0,5,4000,18.49
CUST0234,Female,South,44.0,Smartwatch,Wearables,200.0,1,200,7.67
CUST0182,Female,North,19.0,Keyboard,Accessories,50.0,3,150,5.76
CUST0104,Male,,40.0,Smartwatch,Wearables,200.0,1,200,16.29
CUST0232,Male,West,44.0,Headphones,Accessories,100.0,1,100,6.43
CUST0160,Male,West,69.0,Laptop,Electronics,1500.0,1,1500,7.32
CUST0105,Female,South,27.0,Smartwatch,Wearables,200.0,2,400,9.97
CUST0065,Female,West,41.0,Smartwatch,Wearables,200.0,5,1000,12.79
CUST0220,Female,North,,Mouse,Accessories,30.0,4,120,17.23
CUST0150,Male,West,63.0,Mouse,Accessories,62.191212249733034,5,150,10.81
CUST0300,Male,East,66.0,Smartwatch,Wearables,200.0,4,800,16.99
CUST0066,Female,North,37.0,Monitor,Electronics,300.0,3,900,17.15
CUST0255,Male,South,39.0,Laptop,Electronics,1500.0,2,3000,11.24
CUST0154,Female,North,31.0,Monitor,Electronics,300.0,2,600,5.84
CUST0112,Female,West,33.0,Smartphone,Electronics,800.0,2,1600,7.61
CUST0130,Male,East,68.0,Headphones,Accessories,100.0,4,400,14.97
CUST0061,Female,South,35.0,Monitor,Electronics,300.0,1,300,15.16
CUST0046,Male,East,22.0,Laptop,Electronics,1500.0,2,3000,15.58
CUST0200,Female,North,68.0,Laptop,Electronics,1500.0,1,1500,5.57
CUST0001,Male,East,38.0,Laptop,Electronics,1500.0,4,6000,11.28
CUST0101,Female,West,53.0,Smartphone,Electronics,800.0,4,3200,14.35
CUST0113,Female,West,38.0,Keyboard,Accessories,50.0,4,200,19.17
CUST0076,Male,South,26.0,Mouse,Accessories,30.0,1,30,10.22
CUST0120,Male,North,35.0,Keyboard,Accessories,50.0,3,150,12.89
CUST0265,Female,North,38.0,Keyboard,Accessories,50.0,4,200,7.52
CUST0214,Female,South,45.0,Monitor,Electronics,300.0,2,600,9.09
CUST0058,Male,North,42.0,Monitor,Electronics,300.0,4,1200,5.56
CUST0288,Male,North,,Smartwatch,Wearables,200.0,2,400,19.66
CUST0210,Male,South,30.0,Monitor,Electronics,300.0,1,300,11.26
CUST0116,Male,South,20.0,Mouse,Accessories,30.0,1,30,5.41
CUST0059,Female,South,18.0,Laptop,Electronics,1500.0,2,3000,10.13
CUST0239,Female,South,35.0,Smartphone,Electronics,800.0,4,3200,7.74
CUST0099,Male,West,,Smartwatch,Wearables,200.0,1,200,8.28
CUST0018,Female,South,38.0,Monitor,Electronics,300.0,2,600,17.38
CUST0028,Male,West,50.0,Keyboard,Accessories,50.0,4,200,11.39
CUST0159,Male,South,18.0,Laptop,Electronics,1500.0,3,4500,18.83
CUST0053,Female,South,25.0,Smartwatch,Wearables,200.0,1,200,6.96
CUST0015,Male,North,58.0,Laptop,Electronics,1500.0,5,7500,6.21
CUST0045,Male,East,21.0,Headphones,Accessories,100.0,4,400,18.3
CUST0156,Male,West,57.0,Laptop,Electronics,1500.0,5,7500,7.57
CUST0238,Male,East,26.0,Monitor,Electronics,621.9121224973303,2,600,7.02
CUST0116,Male,West,20.0,Monitor,Electronics,300.0,2,600,11.06
CUST0239,Female,East,35.0,Mouse,Accessories,30.0,5,150,13.08
CUST0268,Female,South,21.0,Mouse,Accessories,30.0,3,90,10.49
CUST0086,Male,West,26.0,Monitor,Electronics,300.0,2,600,12.94
CUST0087,Female,North,49.0,Laptop,Electronics,1500.0,2,3000,11.24
CUST0077,Female,North,,Monitor,Electronics,621.9121224973303,3,900,14.86
CUST0122,Male,East,68.0,Keyboard,Accessories,50.0,2,100,11.09
CUST0242,Male,South,58.0,Smartwatch,Wearables,200.0,5,1000,10.84
CUST0079,Female,North,26.0,Laptop,Electronics,1500.0,4,6000,5.57
CUST0216,Male,East,53.0,Mouse,Accessories,30.0,2,60,8.58
CUST0016,Female,West,,Keyboard,Accessories,50.0,3,150,10.05
CUST0196,Male,South,37.0,Smartwatch,Wearables,200.0,2,400,18.38
CUST0148,Male,South,67.0,Monitor,Electronics,300.0,3,900,19.76
CUST0295,Female,West,26.0,Mouse,Accessories,30.0,1,30,13.87
CUST0048,Male,East,34.0,Smartwatch,Wearables,200.0,3,600,16.93
CUST0115,Female,South,53.0,Mouse,Accessories,30.0,3,90,6.18
CUST0264,Female,East,,Smartphone,Electronics,800.0,4,3200,17.44
CUST0216,Male,South,53.0,Monitor,Electronics,300.0,3,900,12.14
CUST0029,Male,South,66.0,Monitor,Electronics,300.0,1,300,17.09
CUST0180,Male,South,68.0,Keyboard,Accessories,50.0,1,50,11.23
CUST0184,Female,East,54.0,Smartphone,Electronics,800.0,5,4000,5.41
CUST0290,Male,,37.0,Headphones,Accessories,100.0,5,500,6.55
CUST0228,Female,East,25.0,Smartwatch,Wearables,200.0,2,400,6.46
CUST0243,Male,West,58.0,Monitor,Electronics,300.0,4,1200,14.16
CUST0242,Female,North,58.0,Smartwatch,Wearables,200.0,3,600,14.74
CUST0142,Male,South,32.0,Laptop,Electronics,1500.0,1,1500,6.92
CUST0131,Male,East,67.0,Mouse,Accessories,30.0,1,30,13.84
CUST0126,Male,North,66.0,Keyboard,Accessories,50.0,4,200,10.69
CUST0265,Male,West,38.0,Headphones,Accessories,100.0,3,300,8.2
CUST0003,Male,North,63.0,Mouse,Accessories,30.0,3,90,9.04
CUST0212,Male,West,62.0,Keyboard,Accessories,50.0,2,100,8.68
CUST0106,Female,West,50.0,Smartphone,Electronics,800.0,1,800,7.34
CUST0118,Male,West,23.0,Monitor,Electronics,300.0,4,1200,11.76
CUST0126,Male,East,66.0,Headphones,Accessories,100.0,5,500,5.4
CUST0292,Male,South,21.0,Mouse,Accessories,30.0,4,120,13.68
CUST0291,Female,South,49.0,Monitor,Electronics,300.0,3,900,15.81
CUST0085,Female,North,18.0,Keyboard,Accessories,50.0,5,250,16.0
CUST0166,Female,West,29.0,Mouse,Accessories,30.0,4,120,11.36
CUST0040,Female,East,,Keyboard,Accessories,50.0,5,250,10.46
CUST0295,Male,North,,Monitor,Electronics,300.0,1,300,9.06
CUST0059,Female,South,18.0,Mouse,Accessories,30.0,3,90,8.3
CUST0281,Female,East,44.0,Headphones,Accessories,100.0,3,300,13.94
CUST0019,Male,South,69.0,Smartphone,Electronics,800.0,4,3200,19.42
CUST0004,Male,North,65.0,Keyboard,Accessories,50.0,5,250,5.92
CUST0279,Female,West,59.0,Smartphone,Electronics,800.0,5,4000,15.22
CUST0069,Female,East,66.0,Headphones,Accessories,100.0,2,200,8.65
CUST0004,Male,North,65.0,Monitor,Electronics,300.0,3,900,9.31
CUST0060,Male,South,41.0,Keyboard,Accessories,50.0,3,150,5.55
CUST0154,Male,North,31.0,Mouse,Accessories,30.0,1,30,9.26
CUST0259,Male,East,59.0,Monitor,Electronics,300.0,3,900,19.36
CUST0203,Female,East,,Laptop,Electronics,1500.0,5,7500,16.44
CUST0241,Female,West,27.0,Smartphone,Electronics,800.0,4,3200,13.94
CUST0004,Female,West,65.0,Smartphone,Electronics,800.0,5,4000,15.8
CUST0031,Male,West,67.0,Smartphone,Electronics,800.0,3,2400,7.05
CUST0144,Male,West,54.0,Mouse,Accessories,30.0,4,120,14.5
CUST0031,Female,East,67.0,Mouse,Accessories,30.0,2,60,12.54
CUST0218,Male,East,36.0,Smartphone,Electronics,800.0,2,1600,16.62
CUST0234,Male,South,44.0,Laptop,Electronics,1500.0,5,7500,18.67
CUST0050,Female,West,40.0,Laptop,Electronics,1500.0,1,1500,13.51
CUST0140,Male,South,50.0,Mouse,Accessories,30.0,3,90,12.43
CUST0044,Male,South,30.0,Smartwatch,Wearables,200.0,4,800,13.9
CUST0202,Male,South,56.0,Smartwatch,Wearables,200.0,3,600,19.03
CUST0093,Female,North,66.0,Monitor,Electronics,300.0,5,1500,18.92
CUST0258,Female,West,39.0,Monitor,Electronics,300.0,1,300,9.04
CUST0133,Female,East,47.0,Smartwatch,Wearables,200.0,1,200,12.27
CUST0271,Male,South,46.0,Keyboard,Accessories,50.0,5,250,19.63
CUST0121,Female,North,66.0,Keyboard,Accessories,50.0,3,150,10.21
CUST0028,Male,East,50.0,Monitor,Electronics,300.0,4,1200,14.64
CUST0125,Male,East,,Smartwatch,Wearables,200.0,3,600,6.36
CUST0137,Female,East,19.0,Monitor,Electronics,300.0,3,900,9.79
CUST0240,Male,West,39.0,Keyboard,Accessories,50.0,1,50,6.14
CUST0268,Male,East,21.0,Monitor,Electronics,300.0,4,1200,10.03
CUST0066,Female,South,37.0,Headphones,Accessories,100.0,3,300,9.91
CUST0068,Male,South,64.0,Mouse,Accessories,30.0,1,30,19.22
CUST0221,Male,North,,Keyboard,Accessories,50.0,3,150,10.81
CUST0266,Male,North,29.0,Laptop,Electronics,1500.0,2,3000,16.23
CUST0129,Male,South,,Smartphone,Electronics,800.0,5,4000,15.97
CUST0113,Male,South,38.0,Monitor,Electronics,300.0,5,1500,19.39
CUST0240,Male,West,39.0,Smartphone,Electronics,800.0,3,2400,9.92
CUST0003,Male,South,63.0,Smartwatch,Wearables,200.0,4,800,10.23
CUST0272,Female,South,52.0,Smartphone,Electronics,800.0,1,800,10.65
CUST0276,Male,South,66.0,Monitor,Electronics,300.0,5,1500,8.06
CUST0209,Male,North,63.0,Keyboard,Accessories,50.0,5,250,5.88
CUST0014,Male,South,20.0,Monitor,Electronics,300.0,1,300,7.32
CUST0186,Male,South,55.0,Smartphone,Electronics,800.0,1,800,18.74
CUST0198,Male,East,56.0,Laptop,Electronics,1500.0,2,3000,19.05
CUST0043,Male,North,22.0,Keyboard,Accessories,50.0,4,200,11.99
CUST0071,Male,East,46.0,Monitor,Electronics,300.0,1,300,6.17
CUST0131,Female,East,67.0,Smartphone,Electronics,800.0,3,2400,7.3
CUST0131,Female,North,67.0,Laptop,Electronics,3109.5606124866517,4,6000,18.27
CUST0232,Female,,44.0,Laptop,Electronics,1500.0,1,1500,12.37
CUST0109,Male,South,57.0,Smartwatch,Wearables,200.0,3,600,5.88
CUST0189,Male,North,38.0,Keyboard,Accessories,50.0,5,250,12.92
CUST0299,Female,South,58.0,Mouse,Accessories,30.0,2,60,9.71
CUST0270,Male,,64.0,Smartwatch,Wearables,200.0,5,1000,19.0
CUST0031,Male,West,67.0,Mouse,Accessories,30.0,3,90,7.63
CUST0240,Male,West,39.0,Mouse,Accessories,30.0,5,150,5.6
CUST0176,Male,West,51.0,Keyboard,Accessories,50.0,4,200,19.42
CUST0252,Female,East,55.0,Smartwatch,Wearables,200.0,5,1000,13.29
CUST0225,Female,East,,Mouse,Accessories,30.0,3,90,15.46
CUST0238,Male,West,26.0,Mouse,Accessories,30.0,2,60,16.34
CUST0276,Female,North,66.0,Headphones,Accessories,100.0,4,400,7.41
CUST0255,Female,West,39.0,Monitor,Electronics,300.0,1,300,13.28
CUST0133,Male,East,47.0,Smartphone,Electronics,800.0,4,3200,8.88
CUST0097,Male,East,34.0,Smartwatch,Wearables,200.0,3,600,5.87
CUST0239,Male,,35.0,Headphones,Accessories,100.0,4,400,11.97
CUST0226,Male,West,43.0,Headphones,Accessories,100.0,2,200,15.85
CUST0068,Female,North,64.0,Keyboard,Accessories,50.0,5,250,13.3
CUST0149,Female,East,40.0,Monitor,Electronics,300.0,4,1200,17.21
CUST0257,Female,,54.0,Mouse,Accessories,30.0,2,60,19.03
CUST0299,Female,North,58.0,Smartwatch,Wearables,200.0,4,800,9.43
CUST0123,Male,North,52.0,Smartwatch,Wearables,200.0,2,400,5.97
CUST0231,Female,North,,Laptop,Electronics,1500.0,5,7500,5.11
CUST0217,Male,South,18.0,Mouse,Accessories,30.0,3,90,11.7
CUST0142,Male,East,32.0,Headphones,Accessories,100.0,5,500,12.38
CUST0200,Female,North,68.0,Smartphone,Electronics,800.0,4,3200,17.32
CUST0079,Male,West,26.0,Smartwatch,Wearables,200.0,2,400,7.14
CUST0201,Female,South,49.0,Headphones,Accessories,100.0,1,100,17.21
CUST0133,Male,East,47.0,Laptop,Electronics,1500.0,1,1500,19.19
CUST0055,Female,North,,Mouse,Accessories,30.0,5,150,19.35
CUST0023,Female,South,29.0,Laptop,Electronics,1500.0,5,7500,10.36
CUST0040,Male,,29.0,Smartwatch,Wearables,200.0,1,200,7.53
